ID,Name,Age,DateOfBirth,Department_ID,Email,Today
1,Abhishek,23,5/1/1993,1,Abhishek@yahoo.com,7/28/2017
2,Charles,26,3/31/1990,2,Charles@yahoo.com,7/28/2017
3,Suraj,35,9/6/1981,3,Suraj@yahoo.com,7/28/2017
4,Ram,43,7/21/1973,1,Ram@yahoo.com,7/28/2017
5,Tony,25,4/4/1991,2,Tony@yahoo.com,7/28/2017
6,Rohit,31,8/25/1985,4,Rohit@yahoo.com,7/28/2017
7,Jacob,29,6/5/1987,1,Jacob@yahoo.com,7/28/2017
8,John,26,3/26/1990,2,John@yahoo.com,7/28/2017
9,Arun,30,2/10/1986,3,Arun@yahoo.com,7/28/2017
10,Akshay,34,1/12/1982,4,Akshay@yahoo.com,7/28/2017
11,Aniket,24,1/12/1999,10,Aniket@yahoo.com,7/28/2017
